-- MySQL dump 10.13  Distrib 8.0.18, for Win64 (x86_64)
--
-- Host: localhost    Database: asignarsas
-- ------------------------------------------------------
-- Server version	8.0.27

/*!40101 SET @OLD_CHARACTER_SET_CLIENT=@@CHARACTER_SET_CLIENT */;
/*!40101 SET @OLD_CHARACTER_SET_RESULTS=@@CHARACTER_SET_RESULTS */;
/*!40101 SET @OLD_COLLATION_CONNECTION=@@COLLATION_CONNECTION */;
/*!50503 SET NAMES utf8mb4 */;
/*!40103 SET @OLD_TIME_ZONE=@@TIME_ZONE */;
/*!40103 SET TIME_ZONE='+00:00' */;
/*!40014 SET @OLD_UNIQUE_CHECKS=@@UNIQUE_CHECKS, UNIQUE_CHECKS=0 */;
/*!40014 SET @OLD_FOREIGN_KEY_CHECKS=@@FOREIGN_KEY_CHECKS, FOREIGN_KEY_CHECKS=0 */;
/*!40101 SET @OLD_SQL_MODE=@@SQL_MODE, SQL_MODE='NO_AUTO_VALUE_ON_ZERO' */;
/*!40111 SET @OLD_SQL_NOTES=@@SQL_NOTES, SQL_NOTES=0 */;

--
-- Table structure for table `candidatos`
--

DROP TABLE IF EXISTS `candidatos`;
/*!40101 SET @saved_cs_client     = @@character_set_client */;
/*!50503 SET character_set_client = utf8mb4 */;
CREATE TABLE `candidatos` (
  `id` int NOT NULL AUTO_INCREMENT,
  `identificacion` varchar(16) CHARACTER SET utf8mb4 COLLATE utf8mb4_general_ci DEFAULT NULL,
  `nombre` varchar(30) CHARACTER SET utf8mb4 COLLATE utf8mb4_general_ci DEFAULT NULL,
  `apellido` varchar(30) CHARACTER SET utf8mb4 COLLATE utf8mb4_general_ci DEFAULT NULL,
  `edad` int DEFAULT NULL,
  `telefono` varchar(10) COLLATE utf8mb4_general_ci DEFAULT NULL,
  `email` varchar(45) CHARACTER SET utf8mb4 COLLATE utf8mb4_general_ci DEFAULT NULL,
  `ciudad` varchar(30) CHARACTER SET utf8mb4 COLLATE utf8mb4_general_ci DEFAULT NULL,
  `estudios` varchar(30) COLLATE utf8mb4_general_ci NOT NULL,
  `hdv` varchar(60) COLLATE utf8mb4_general_ci DEFAULT NULL,
  `idOferta` int DEFAULT NULL,
  `fechaRec` datetime DEFAULT NULL,
  PRIMARY KEY (`id`),
  KEY `idOferta` (`idOferta`),
  CONSTRAINT `candidatos_ibfk_2` FOREIGN KEY (`idOferta`) REFERENCES `ofertas` (`id`) ON DELETE SET NULL ON UPDATE CASCADE
) ENGINE=InnoDB AUTO_INCREMENT=41 DEFAULT CHARSET=utf8mb4 COLLATE=utf8mb4_general_ci;
/*!40101 SET character_set_client = @saved_cs_client */;

--
-- Dumping data for table `candidatos`
--

LOCK TABLES `candidatos` WRITE;
/*!40000 ALTER TABLE `candidatos` DISABLE KEYS */;
INSERT INTO `candidatos` VALUES (12,'10101010','Ana','Aya',32,'454545454','ana@correo.com','Barcelona','','',1,'2022-11-21 22:51:30'),(38,'123','Anita','Nash',44,'454545454','ana@correo.com','Barcelona','tecnologo','2c73aade928fb36d24a8afdd1c7f514b.pdf',21,'2022-12-07 17:44:55'),(39,'123','Andy','Koch',44,'456456789','andy@correo.com','Barcelona','secundaria','3882ae28dfb9b669b3ccc2b7243a7e72.pdf',21,'2022-12-07 17:45:43'),(40,'123','Juan José','Riaño',18,'4564564564','jorge@correo.com','Barcelona','secundaria','48ee5caad07220069476fd96410e82b5.pdf',21,'2022-12-07 17:46:29');
/*!40000 ALTER TABLE `candidatos` ENABLE KEYS */;
UNLOCK TABLES;

--
-- Table structure for table `ciudades`
--

DROP TABLE IF EXISTS `ciudades`;
/*!40101 SET @saved_cs_client     = @@character_set_client */;
/*!50503 SET character_set_client = utf8mb4 */;
CREATE TABLE `ciudades` (
  `id` int NOT NULL AUTO_INCREMENT,
  `nombre` varchar(50) COLLATE utf8mb4_general_ci NOT NULL,
  `activa` tinyint(1) DEFAULT NULL,
  PRIMARY KEY (`id`)
) ENGINE=InnoDB AUTO_INCREMENT=2039 DEFAULT CHARSET=utf8mb4 COLLATE=utf8mb4_general_ci;
/*!40101 SET character_set_client = @saved_cs_client */;

--
-- Dumping data for table `ciudades`
--

LOCK TABLES `ciudades` WRITE;
/*!40000 ALTER TABLE `ciudades` DISABLE KEYS */;
INSERT INTO `ciudades` VALUES (1,'Barcelona',1),(2,'Berlín',1),(3,'Venecia',1),(6,'Milán',1),(8,'Londres',1),(9,'Madrid',1),(1012,'Abriaquí',0),(1013,'Acacías',0),(1014,'Acandí',0),(1015,'Acevedo',0),(1016,'Achí',0),(1017,'Agrado',0),(1018,'Agua de Dios',0),(1019,'Aguachica',0),(1020,'Aguada',0),(1021,'Aguadas',0),(1022,'Aguazul',0),(1023,'Agustín Codazzi',0),(1024,'Aipe',0),(1025,'Albania',0),(1026,'Albán',0),(1027,'Alcalá',0),(1028,'Alejandria',0),(1029,'Algarrobo',0),(1030,'Algeciras',0),(1031,'Almaguer',0),(1032,'Almeida',0),(1033,'Alpujarra',0),(1034,'Altamira',0),(1035,'Alto Baudó',0),(1036,'Altos del Rosario',0),(1037,'Alvarado',0),(1038,'Amagá',0),(1039,'Amalfi',0),(1040,'Ambalema',0),(1041,'Anapoima',0),(1042,'Ancuya',0),(1043,'Andalucía',0),(1044,'Andes',0),(1045,'Angelópolis',0),(1046,'Angostura',0),(1047,'Anolaima',0),(1048,'Anorí',0),(1049,'Anserma',0),(1050,'Ansermanuevo',0),(1051,'Anzoátegui',0),(1052,'Anzá',0),(1053,'Apartadó',0),(1054,'Apulo',0),(1055,'Apía',0),(1056,'Aquitania',0),(1057,'Aracataca',0),(1058,'Aranzazu',0),(1059,'Aratoca',0),(1060,'Arauca',0),(1061,'Arauquita',0),(1062,'Arbeláez',0),(1063,'Arboleda',0),(1064,'Arboledas',0),(1065,'Arboletes',0),(1066,'Arcabuco',0),(1067,'Arenal',0),(1068,'Argelia',0),(1069,'Ariguaní',0),(1070,'Arjona',0),(1071,'Armenia',0),(1072,'Armero',0),(1073,'Arroyohondo',0),(1074,'Astrea',0),(1075,'Ataco',0),(1076,'Atrato',0),(1077,'Ayapel',0),(1078,'Bagadó',0),(1079,'Bahía Solano',0),(1080,'Bajo Baudó',0),(1081,'Balboa',0),(1082,'Balboa',0),(1083,'Baranoa',0),(1084,'Baraya',0),(1085,'Barbacoas',0),(1086,'Barbosa',0),(1087,'Barichara',0),(1088,'Barranca de Upía',0),(1089,'Barrancabermeja',0),(1090,'Barrancas',0),(1091,'Barranco de Loba',0),(1092,'Barranquilla',0),(1093,'Becerríl',0),(1094,'Belalcázar',0),(1095,'Bello',0),(1096,'Belmira',0),(1097,'Beltrán',0),(1098,'Belén',0),(1099,'Belén de Bajirá',0),(1100,'Belén de Umbría',0),(1101,'Belén de los Andaquíes',0),(1102,'Berbeo',0),(1103,'Betania',0),(1104,'Beteitiva',0),(1105,'Betulia',0),(1106,'Bituima',0),(1107,'Boavita',0),(1108,'Bochalema',0),(1109,'Bogotá D.C.',0),(1110,'Bojacá',0),(1111,'Bojayá',0),(1112,'Bolívar',0),(1113,'Bosconia',0),(1114,'Boyacá',0),(1115,'Briceño',0),(1116,'Bucaramanga',0),(1117,'Bucarasica',0),(1118,'Buenaventura',0),(1119,'Buenavista',0),(1120,'Buenos Aires',0),(1121,'Buesaco',0),(1122,'Buga',0),(1123,'Bugalagrande',0),(1124,'Burítica',0),(1125,'Busbanza',0),(1126,'Cabrera',0),(1127,'Cabuyaro',0),(1128,'Cachipay',0),(1129,'Caicedo',0),(1130,'Caicedonia',0),(1131,'Caimito',0),(1132,'Cajamarca',0),(1133,'Cajibío',0),(1134,'Cajicá',0),(1135,'Calamar',0),(1136,'Calarcá',0),(1137,'Caldas',0),(1138,'Caldono',0),(1139,'California',0),(1140,'Calima',0),(1141,'Caloto',0),(1142,'Cali',0),(1143,'Campamento',0),(1144,'Campo de la Cruz',0),(1145,'Campoalegre',0),(1146,'Campohermoso',0),(1147,'Canalete',0),(1148,'Candelaria',0),(1149,'Cantagallo',0),(1150,'Cantón de San Pablo',0),(1151,'Caparrapí',0),(1152,'Capitanejo',0),(1153,'Caracolí',0),(1154,'Caramanta',0),(1155,'Carcasí',0),(1156,'Carepa',0),(1157,'Carmen de Apicalá',0),(1158,'Carmen de Carupa',0),(1159,'Carmen de Viboral',0),(1160,'Carmen del Darién',0),(1161,'Carolina',0),(1162,'Cartagena',0),(1163,'Cartagena del Chairá',0),(1164,'Cartago',0),(1165,'Carurú',0),(1166,'Casabianca',0),(1167,'Castilla la Nueva',0),(1168,'Caucasia',0),(1169,'Cañasgordas',0),(1170,'Cepita',0),(1171,'Cereté',0),(1172,'Cerrito',0),(1173,'Cerro San Antonio',0),(1174,'Chachaguí',0),(1175,'Chaguaní',0),(1176,'Chalán',0),(1177,'Chaparral',0),(1178,'Charalá',0),(1179,'Charta',0),(1180,'Chigorodó',0),(1181,'Chima',0),(1182,'Chimichagua',0),(1183,'Chimá',0),(1184,'Chinavita',0),(1185,'Chinchiná',0),(1186,'Chinácota',0),(1187,'Chinú',0),(1188,'Chipaque',0),(1189,'Chipatá',0),(1190,'Chiquinquirá',0),(1191,'Chiriguaná',0),(1192,'Chiscas',0),(1193,'Chita',0),(1194,'Chitagá',0),(1195,'Chitaraque',0),(1196,'Chivatá',0),(1197,'Chivolo',0),(1198,'Choachí',0),(1199,'Chocontá',0),(1200,'Chámeza',0),(1201,'Chía',0),(1202,'Chíquiza',0),(1203,'Chívor',0),(1204,'Cicuco',0),(1205,'Cimitarra',0),(1206,'Circasia',0),(1207,'Cisneros',0),(1208,'Ciénaga',0),(1209,'Ciénaga',0),(1210,'Ciénaga de Oro',0),(1211,'Clemencia',0),(1212,'Cocorná',0),(1213,'Coello',0),(1214,'Cogua',0),(1215,'Colombia',0),(1216,'Colosó',0),(1217,'Colón',0),(1218,'Concepción',0),(1219,'Concordia',0),(1220,'Condoto',0),(1221,'Confines',0),(1222,'Consaca',0),(1223,'Contadero',0),(1224,'Contratación',0),(1225,'Convención',0),(1226,'Copacabana',0),(1227,'Coper',0),(1228,'Cordobá',0),(1229,'Corinto',0),(1230,'Coromoro',0),(1231,'Corozal',0),(1232,'Corrales',0),(1233,'Cota',0),(1234,'Cotorra',0),(1235,'Covarachía',0),(1236,'Coveñas',0),(1237,'Coyaima',0),(1238,'Cravo Norte',0),(1239,'Cuaspud',0),(1240,'Cubarral',0),(1241,'Cubará',0),(1242,'Cucaita',0),(1243,'Cucunubá',0),(1244,'Cucutilla',0),(1245,'Cuitiva',0),(1246,'Cumaral',0),(1247,'Cumaribo',0),(1248,'Cumbal',0),(1249,'Cumbitara',0),(1250,'Cunday',0),(1251,'Curillo',0),(1252,'Curití',0),(1253,'Curumaní',0),(1254,'Cáceres',0),(1255,'Cáchira',0),(1256,'Cácota',0),(1257,'Cáqueza',0),(1258,'Cértegui',0),(1259,'Cómbita',0),(1260,'Córdoba',0),(1261,'Cúcuta',0),(1262,'Dabeiba',0),(1263,'Dagua',0),(1264,'Dibulla',0),(1265,'Distracción',0),(1266,'Dolores',0),(1267,'Don Matías',0),(1268,'Dos Quebradas',0),(1269,'Duitama',0),(1270,'Durania',0),(1271,'Ebéjico',0),(1272,'El Bagre',0),(1273,'El Banco',0),(1274,'El Cairo',0),(1275,'El Calvario',0),(1276,'El Carmen',0),(1277,'El Carmen de Atrato',0),(1278,'El Carmen de Bolívar',0),(1279,'El Castillo',0),(1280,'El Cerrito',0),(1281,'El Charco',0),(1282,'El Cocuy',0),(1283,'El Colegio',0),(1284,'El Copey',0),(1285,'El Doncello',0),(1286,'El Dorado',0),(1287,'El Dovio',0),(1288,'El Espino',0),(1289,'El Guacamayo',0),(1290,'El Guamo',0),(1291,'El Molino',0),(1292,'El Paso',0),(1293,'El Paujil',0),(1294,'El Peñol',0),(1295,'El Peñon',0),(1296,'El Piñon',0),(1297,'El Playón',0),(1298,'El Retorno',0),(1299,'El Retén',0),(1300,'El Roble',0),(1301,'El Rosal',0),(1302,'El Rosario',0),(1303,'El Tablón de Gómez',0),(1304,'El Tambo',0),(1305,'El Tarra',0),(1306,'El Zulia',0),(1307,'El Águila',0),(1308,'Elías',0),(1309,'Encino',0),(1310,'Enciso',0),(1311,'Entrerríos',0),(1312,'Envigado',0),(1313,'Espinal',0),(1314,'Facatativá',0),(1315,'Falan',0),(1316,'Filadelfia',0),(1317,'Filandia',0),(1318,'Firavitoba',0),(1319,'Flandes',0),(1320,'Florencia',0),(1321,'Floresta',0),(1322,'Florida',0),(1323,'Floridablanca',0),(1324,'Florián',0),(1325,'Fonseca',0),(1326,'Fortúl',0),(1327,'Fosca',0),(1328,'Francisco Pizarro',0),(1329,'Fredonia',0),(1330,'Fresno',0),(1331,'Frontino',0),(1332,'Fuente de Oro',0),(1333,'Fundación',0),(1334,'Funes',0),(1335,'Funza',0),(1336,'Fusagasugá',0),(1337,'Fómeque',0),(1338,'Fúquene',0),(1339,'Gachalá',0),(1340,'Gachancipá',0),(1341,'Gachantivá',0),(1342,'Gachetá',0),(1343,'Galapa',0),(1344,'Galeras',0),(1345,'Galán',0),(1346,'Gama',0),(1347,'Gamarra',0),(1348,'Garagoa',0),(1349,'Garzón',0),(1350,'Gigante',0),(1351,'Ginebra',0),(1352,'Giraldo',0),(1353,'Girardot',0),(1354,'Girardota',0),(1355,'Girón',0),(1356,'Gonzalez',0),(1357,'Gramalote',0),(1358,'Granada',0),(1359,'Guaca',0),(1360,'Guacamayas',0),(1361,'Guacarí',0),(1362,'Guachavés',0),(1363,'Guachené',0),(1364,'Guachetá',0),(1365,'Guachucal',0),(1366,'Guadalupe',0),(1367,'Guaduas',0),(1368,'Guaitarilla',0),(1369,'Gualmatán',0),(1370,'Guamal',0),(1371,'Guamal',0),(1372,'Guamo',0),(1373,'Guapota',0),(1374,'Guapí',0),(1375,'Guaranda',0),(1376,'Guarne',0),(1377,'Guasca',0),(1378,'Guatapé',0),(1379,'Guataquí',0),(1380,'Guatavita',0),(1381,'Guateque',0),(1382,'Guavatá',0),(1383,'Guayabal de Siquima',0),(1384,'Guayabetal',0),(1385,'Guayatá',0),(1386,'Guepsa',0),(1387,'Guicán',0),(1388,'Gutiérrez',0),(1389,'Guática',0),(1390,'Gámbita',0),(1391,'Gámeza',0),(1392,'Génova',0),(1393,'Gómez Plata',0),(1394,'Hacarí',0),(1395,'Hatillo de Loba',0),(1396,'Hato',0),(1397,'Hato Corozal',0),(1398,'Hatonuevo',0),(1399,'Heliconia',0),(1400,'Herrán',0),(1401,'Herveo',0),(1402,'Hispania',0),(1403,'Hobo',0),(1404,'Honda',0),(1405,'Ibagué',0),(1406,'Icononzo',0),(1407,'Iles',0),(1408,'Imúes',0),(1409,'Inzá',0),(1410,'Inírida',0),(1411,'Ipiales',0),(1412,'Isnos',0),(1413,'Istmina',0),(1414,'Itagüí',0),(1415,'Ituango',0),(1416,'Izá',0),(1417,'Jambaló',0),(1418,'Jamundí',0),(1419,'Jardín',0),(1420,'Jenesano',0),(1421,'Jericó',0),(1422,'Jerusalén',0),(1423,'Jesús María',0),(1424,'Jordán',0),(1425,'Juan de Acosta',0),(1426,'Junín',0),(1427,'Juradó',0),(1428,'La Apartada y La Frontera',0),(1429,'La Argentina',0),(1430,'La Belleza',0),(1431,'La Calera',0),(1432,'La Capilla',0),(1433,'La Ceja',0),(1434,'La Celia',0),(1435,'La Cruz',0),(1436,'La Cumbre',0),(1437,'La Dorada',0),(1438,'La Esperanza',0),(1439,'La Estrella',0),(1440,'La Florida',0),(1441,'La Gloria',0),(1442,'La Jagua de Ibirico',0),(1443,'La Jagua del Pilar',0),(1444,'La Llanada',0),(1445,'La Macarena',0),(1446,'La Merced',0),(1447,'La Mesa',0),(1448,'La Montañita',0),(1449,'La Palma',0),(1450,'La Paz',0),(1451,'La Paz (Robles)',0),(1452,'La Peña',0),(1453,'La Pintada',0),(1454,'La Plata',0),(1455,'La Playa',0),(1456,'La Primavera',0),(1457,'La Salina',0),(1458,'La Sierra',0),(1459,'La Tebaida',0),(1460,'La Tola',0),(1461,'La Unión',0),(1462,'La Uvita',0),(1463,'La Vega',0),(1464,'La Victoria',0),(1465,'La Virginia',0),(1466,'Labateca',0),(1467,'Labranzagrande',0),(1468,'Landázuri',0),(1469,'Lebrija',0),(1470,'Leiva',0),(1471,'Lejanías',0),(1472,'Lenguazaque',0),(1473,'Leticia',0),(1474,'Liborina',0),(1475,'Linares',0),(1476,'Lloró',0),(1477,'Lorica',0),(1478,'Los Córdobas',0),(1479,'Los Palmitos',0),(1480,'Los Patios',0),(1481,'Los Santos',0),(1482,'Lourdes',0),(1483,'Luruaco',0),(1484,'Lérida',0),(1485,'Líbano',0),(1486,'López (Micay)',0),(1487,'Macanal',0),(1488,'Macaravita',0),(1489,'Maceo',0),(1490,'Machetá',0),(1491,'Madrid',0),(1492,'Magangué',0),(1493,'Magüi (Payán)',0),(1494,'Mahates',0),(1495,'Maicao',0),(1496,'Majagual',0),(1497,'Malambo',0),(1498,'Mallama (Piedrancha)',0),(1499,'Manatí',0),(1500,'Manaure',0),(1501,'Manaure Balcón del Cesar',0),(1502,'Manizales',0),(1503,'Manta',0),(1504,'Manzanares',0),(1505,'Maní',0),(1506,'Mapiripan',0),(1507,'Margarita',0),(1508,'Marinilla',0),(1509,'Maripí',0),(1510,'Mariquita',0),(1511,'Marmato',0),(1512,'Marquetalia',0),(1513,'Marsella',0),(1514,'Marulanda',0),(1515,'María la Baja',0),(1516,'Matanza',0),(1517,'Medellín',1),(1518,'Medina',0),(1519,'Medio Atrato',0),(1520,'Medio Baudó',0),(1521,'Medio San Juan (ANDAGOYA)',0),(1522,'Melgar',0),(1523,'Mercaderes',0),(1524,'Mesetas',0),(1525,'Milán',0),(1526,'Miraflores',0),(1527,'Miranda',0),(1528,'Mistrató',0),(1529,'Mitú',0),(1530,'Mocoa',0),(1531,'Mogotes',0),(1532,'Molagavita',0),(1533,'Momil',0),(1534,'Mompós',0),(1535,'Mongua',0),(1536,'Monguí',0),(1537,'Moniquirá',0),(1538,'Montebello',0),(1539,'Montecristo',0),(1540,'Montelíbano',0),(1541,'Montenegro',0),(1542,'Monteria',0),(1543,'Monterrey',0),(1544,'Morales',0),(1545,'Morelia',0),(1546,'Morroa',0),(1547,'Mosquera',0),(1548,'Motavita',0),(1549,'Moñitos',0),(1550,'Murillo',0),(1551,'Murindó',0),(1552,'Mutatá',0),(1553,'Mutiscua',0),(1554,'Muzo',0),(1555,'Málaga',0),(1556,'Nariño',0),(1557,'Natagaima',0),(1558,'Nechí',0),(1559,'Necoclí',0),(1560,'Neira',0),(1561,'Neiva',0),(1562,'Nemocón',0),(1563,'Nilo',0),(1564,'Nimaima',0),(1565,'Nobsa',0),(1566,'Nocaima',0),(1567,'Norcasia',0),(1568,'Norosí',0),(1569,'Novita',0),(1570,'Nueva Granada',0),(1571,'Nuevo Colón',0),(1572,'Nunchía',0),(1573,'Nuquí',0),(1574,'Nátaga',0),(1575,'Obando',0),(1576,'Ocamonte',0),(1577,'Ocaña',0),(1578,'Oiba',0),(1579,'Oicatá',0),(1580,'Olaya',0),(1581,'Olaya Herrera',0),(1582,'Onzaga',0),(1583,'Oporapa',0),(1584,'Orito',0),(1585,'Orocué',0),(1586,'Ortega',0),(1587,'Ospina',0),(1588,'Otanche',0),(1589,'Ovejas',0),(1590,'Pachavita',0),(1591,'Pacho',0),(1592,'Padilla',0),(1593,'Paicol',0),(1594,'Pailitas',0),(1595,'Paime',0),(1596,'Paipa',0),(1597,'Pajarito',0),(1598,'Palermo',0),(1599,'Palestina',0),(1600,'Palmar',0),(1601,'Palmar de Varela',0),(1602,'Palmas del Socorro',0),(1603,'Palmira',0),(1604,'Palmito',0),(1605,'Palocabildo',0),(1606,'Pamplona',0),(1607,'Pamplonita',0),(1608,'Pandi',0),(1609,'Panqueba',0),(1610,'Paratebueno',0),(1611,'Pasca',0),(1612,'Patía (El Bordo)',0),(1613,'Pauna',0),(1614,'Paya',0),(1615,'Paz de Ariporo',0),(1616,'Paz de Río',0),(1617,'Pedraza',0),(1618,'Pelaya',0),(1619,'Pensilvania',0),(1620,'Peque',0),(1621,'Pereira',0),(1622,'Pesca',0),(1623,'Peñol',0),(1624,'Piamonte',0),(1625,'Pie de Cuesta',0),(1626,'Piedras',0),(1627,'Piendamó',0),(1628,'Pijao',0),(1629,'Pijiño',0),(1630,'Pinchote',0),(1631,'Pinillos',0),(1632,'Piojo',0),(1633,'Pisva',0),(1634,'Pital',0),(1635,'Pitalito',0),(1636,'Pivijay',0),(1637,'Planadas',0),(1638,'Planeta Rica',0),(1639,'Plato',0),(1640,'Policarpa',0),(1641,'Polonuevo',0),(1642,'Ponedera',0),(1643,'Popayán',0),(1644,'Pore',0),(1645,'Potosí',0),(1646,'Pradera',0),(1647,'Prado',0),(1648,'Providencia',0),(1649,'Providencia',0),(1650,'Pueblo Bello',0),(1651,'Pueblo Nuevo',0),(1652,'Pueblo Rico',0),(1653,'Puebloviejo',0),(1654,'Puente Nacional',0),(1655,'Puerres',0),(1656,'Puerto Asís',0),(1657,'Puerto Berrío',0),(1658,'Puerto Boyacá',0),(1659,'Puerto Caicedo',0),(1660,'Puerto Carreño',0),(1661,'Puerto Colombia',0),(1662,'Puerto Concordia',0),(1663,'Puerto Escondido',0),(1664,'Puerto Gaitán',0),(1665,'Puerto Guzmán',0),(1666,'Puerto Leguízamo',0),(1667,'Puerto Libertador',0),(1668,'Puerto Lleras',0),(1669,'Puerto López',0),(1670,'Puerto Nare',0),(1671,'Puerto Nariño',0),(1672,'Puerto Parra',0),(1673,'Puerto Rico',0),(1674,'Puerto Rico',0),(1675,'Puerto Rondón',0),(1676,'Puerto Salgar',0),(1677,'Puerto Santander',0),(1678,'Puerto Tejada',0),(1679,'Puerto Triunfo',0),(1680,'Puerto Wilches',0),(1681,'Pulí',0),(1682,'Pupiales',0),(1683,'Puracé (Coconuco)',0),(1684,'Purificación',0),(1685,'Purísima',0),(1686,'Pácora',0),(1687,'Páez',0),(1688,'Páez (Belalcazar)',0),(1689,'Páramo',0),(1690,'Quebradanegra',0),(1691,'Quetame',0),(1692,'Quibdó',0),(1693,'Quimbaya',0),(1694,'Quinchía',0),(1695,'Quipama',0),(1696,'Quipile',0),(1697,'Ragonvalia',0),(1698,'Ramiriquí',0),(1699,'Recetor',0),(1700,'Regidor',0),(1701,'Remedios',0),(1702,'Remolino',0),(1703,'Repelón',0),(1704,'Restrepo',0),(1705,'Retiro',0),(1706,'Ricaurte',0),(1707,'Rionegro',0),(1708,'Rioblanco',0),(1709,'Riofrío',0),(1710,'Riohacha',0),(1711,'Risaralda',0),(1712,'Rivera',0),(1713,'Roberto Payán (San José)',0),(1714,'Roldanillo',0),(1715,'Roncesvalles',0),(1716,'Rondón',0),(1717,'Rosas',0),(1718,'Rovira',0),(1719,'Ráquira',0),(1720,'Río Iró',0),(1721,'Río Quito',0),(1722,'Río Sucio',0),(1723,'Río Viejo',0),(1724,'Río de oro',0),(1725,'Ríonegro',0),(1726,'Ríosucio',0),(1727,'Sabana de Torres',0),(1728,'Sabanagrande',0),(1729,'Sabanalarga',0),(1730,'Sabanas de San Angel (SAN ANGEL)',0),(1731,'Sabaneta',0),(1732,'Saboyá',0),(1733,'Sahagún',0),(1734,'Saladoblanco',0),(1735,'Salamina',0),(1736,'Salazar',0),(1737,'Saldaña',0),(1738,'Salento',0),(1739,'Salgar',0),(1740,'Samacá',0),(1741,'Samaniego',0),(1742,'Samaná',0),(1743,'Sampués',0),(1744,'San Agustín',0),(1745,'San Alberto',0),(1746,'San Andrés',0),(1747,'San Andrés Sotavento',0),(1748,'San Andrés de Cuerquía',0),(1749,'San Antero',0),(1750,'San Antonio',0),(1751,'San Antonio de Tequendama',0),(1752,'San Benito',0),(1753,'San Benito Abad',0),(1754,'San Bernardo',0),(1755,'San Bernardo',0),(1756,'San Bernardo del Viento',0),(1757,'San Calixto',0),(1758,'San Carlos',0),(1759,'San Carlos',0),(1760,'San Carlos de Guaroa',0),(1761,'San Cayetano',0),(1762,'San Cayetano',0),(1763,'San Cristobal',0),(1764,'San Diego',0),(1765,'San Eduardo',0),(1766,'San Estanislao',0),(1767,'San Fernando',0),(1768,'San Francisco',0),(1769,'San Gíl',0),(1770,'San Jacinto',0),(1771,'San Jacinto del Cauca',0),(1772,'San Jerónimo',0),(1773,'San Joaquín',0),(1774,'San José',0),(1775,'San José de Miranda',0),(1776,'San José de Montaña',0),(1777,'San José de Pare',0),(1778,'San José de Uré',0),(1779,'San José del Fragua',0),(1780,'San José del Guaviare',0),(1781,'San José del Palmar',0),(1782,'San Juan de Arama',0),(1783,'San Juan de Betulia',0),(1784,'San Juan de Nepomuceno',0),(1785,'San Juan de Pasto',0),(1786,'San Juan de Río Seco',0),(1787,'San Juan de Urabá',0),(1788,'San Juan del Cesar',0),(1789,'San Juanito',0),(1790,'San Lorenzo',0),(1791,'San Luis',0),(1792,'San Luís de Gaceno',0),(1793,'San Luís de Palenque',0),(1794,'San Marcos',0),(1795,'San Martín',0),(1796,'San Martín de Loba',0),(1797,'San Mateo',0),(1798,'San Miguel',0),(1799,'San Miguel de Sema',0),(1800,'San Onofre',0),(1801,'San Pablo',0),(1802,'San Pablo de Borbur',0),(1803,'San Pedro',0),(1804,'San Pedro de Cartago',0),(1805,'San Pedro de Urabá',0),(1806,'San Pelayo',0),(1807,'San Rafael',0),(1808,'San Roque',0),(1809,'San Sebastián',0),(1810,'San Sebastián de Buenavista',0),(1811,'San Vicente',0),(1812,'San Vicente del Caguán',0),(1813,'San Vicente del Chucurí',0),(1814,'San Zenón',0),(1815,'Sandoná',0),(1816,'Santa Ana',0),(1817,'Santa Bárbara',0),(1818,'Santa Bárbara (Iscuandé)',0),(1819,'Santa Bárbara de Pinto',0),(1820,'Santa Catalina',0),(1821,'Santa Fé de Antioquia',0),(1822,'Santa Genoveva de Docorodó',0),(1823,'Santa Helena del Opón',0),(1824,'Santa Isabel',0),(1825,'Santa Lucía',0),(1826,'Santa Marta',0),(1827,'Santa María',0),(1828,'Santa Rosa',0),(1829,'Santa Rosa de Cabal',0),(1830,'Santa Rosa de Osos',0),(1831,'Santa Rosa de Viterbo',0),(1832,'Santa Rosa del Sur',0),(1833,'Santa Rosalía',0),(1834,'Santa Sofía',0),(1835,'Santana',0),(1836,'Santander de Quilichao',0),(1837,'Santiago',0),(1839,'Santo Domingo',0),(1840,'Santo Tomás',0),(1841,'Santuario',0),(1842,'Sapuyes',0),(1843,'Saravena',0),(1844,'Sardinata',0),(1845,'Sasaima',0),(1846,'Sativanorte',0),(1847,'Sativasur',0),(1848,'Segovia',0),(1849,'Sesquilé',0),(1850,'Sevilla',0),(1851,'Siachoque',0),(1852,'Sibaté',0),(1853,'Sibundoy',0),(1854,'Silos',0),(1855,'Silvania',0),(1856,'Silvia',0),(1857,'Simacota',0),(1858,'Simijaca',0),(1859,'Simití',0),(1860,'Sincelejo',0),(1861,'Sincé',0),(1862,'Sipí',0),(1863,'Sitionuevo',0),(1864,'Soacha',0),(1865,'Soatá',0),(1866,'Socha',0),(1867,'Socorro',0),(1868,'Socotá',0),(1869,'Sogamoso',0),(1870,'Solano',0),(1871,'Soledad',0),(1872,'Solita',0),(1873,'Somondoco',0),(1874,'Sonsón',0),(1875,'Sopetrán',0),(1876,'Soplaviento',0),(1877,'Sopó',0),(1878,'Sora',0),(1879,'Soracá',0),(1880,'Sotaquirá',0),(1881,'Sotara',0),(1882,'Sotomayor',0),(1883,'Suaita',0),(1884,'Suan',0),(1885,'Suaza',0),(1886,'Subachoque',0),(1887,'Sucre',0),(1888,'Suesca',0),(1889,'Supatá',0),(1890,'Supía',0),(1891,'Suratá',0),(1892,'Susa',0),(1893,'Susacón',0),(1894,'Sutamarchán',0),(1895,'Sutatausa',0),(1896,'Sutatenza',0),(1897,'Suárez',0),(1898,'Suárez',0),(1899,'Sácama',0),(1900,'Sáchica',0),(1901,'Tabio',0),(1902,'Tadó',0),(1903,'Talaigua Nuevo',0),(1904,'Tamalameque',0),(1905,'Tame',0),(1906,'Taminango',0),(1907,'Tangua',0),(1908,'Taraira',0),(1909,'Tarazá',0),(1910,'Tarqui',0),(1911,'Tarso',0),(1912,'Tasco',0),(1913,'Tauramena',0),(1914,'Tausa',0),(1915,'Tello',0),(1916,'Tena',0),(1917,'Tenerife',0),(1918,'Tenjo',0),(1919,'Tenza',0),(1920,'Teorama',0),(1921,'Teruel',0),(1922,'Tesalia',0),(1923,'Tibacuy',0),(1924,'Tibaná',0),(1925,'Tibasosa',0),(1926,'Tibirita',0),(1927,'Tibú',0),(1928,'Tierralta',0),(1929,'Timaná',0),(1930,'Timbiquí',0),(1931,'Timbío',0),(1932,'Tinjacá',0),(1933,'Tipacoque',0),(1934,'Tiquisio',0),(1935,'Titiribí',0),(1936,'Toca',0),(1937,'Tocaima',0),(1938,'Tocancipá',0),(1939,'Toguí',0),(1940,'Toledo',0),(1941,'Tolú',0),(1942,'Tolú Viejo',0),(1943,'Tona',0),(1944,'Topagá',0),(1945,'Topaipí',0),(1946,'Toribío',0),(1947,'Toro',0),(1948,'Tota',0),(1949,'Totoró',0),(1950,'Trinidad',0),(1951,'Trujillo',0),(1952,'Tubará',0),(1953,'Tuchín',0),(1954,'Tulúa',0),(1955,'Tumaco',0),(1956,'Tunja',0),(1957,'Tunungua',0),(1958,'Turbaco',0),(1959,'Turbaná',0),(1960,'Turbo',0),(1961,'Turmequé',0),(1962,'Tuta',0),(1963,'Tutasá',0),(1964,'Támara',0),(1965,'Támesis',0),(1966,'Túquerres',0),(1967,'Ubalá',0),(1968,'Ubaque',0),(1969,'Ubaté',0),(1970,'Ulloa',0),(1971,'Une',0),(1972,'Unguía',0),(1973,'Unión Panamericana',0),(1974,'Uramita',0),(1975,'Uribe',0),(1976,'Uribia',0),(1977,'Urrao',0),(1978,'Urumita',0),(1979,'Usiacuri',0),(1980,'Valdivia',0),(1981,'Valencia',0),(1982,'Valle de San José',0),(1983,'Valle de San Juan',0),(1984,'Valle del Guamuez',0),(1985,'Valledupar',0),(1986,'Valparaiso',0),(1987,'Vegachí',0),(1988,'Venadillo',0),(1989,'Venecia',0),(1990,'Ventaquemada',0),(1991,'Vergara',0),(1992,'Versalles',0),(1993,'Vetas',0),(1994,'Viani',0),(1995,'Vigía del Fuerte',0),(1996,'Vijes',0),(1997,'Villa Caro',0),(1998,'Villa Rica',0),(1999,'Villa de Leiva',0),(2000,'Villa del Rosario',0),(2001,'Villagarzón',0),(2002,'Villagómez',0),(2003,'Villahermosa',0),(2004,'Villamaría',0),(2005,'Villanueva',0),(2006,'Villapinzón',0),(2007,'Villarrica',0),(2008,'Villavicencio',0),(2009,'Villavieja',0),(2010,'Villeta',0),(2011,'Viotá',0),(2012,'Viracachá',0),(2013,'Vista Hermosa',0),(2014,'Viterbo',0),(2015,'Vélez',0),(2016,'Yacopí',0),(2017,'Yacuanquer',0),(2018,'Yaguará',0),(2019,'Yalí',0),(2020,'Yarumal',0),(2021,'Yolombó',0),(2022,'Yondó',0),(2023,'Yopal',0),(2024,'Yotoco',0),(2025,'Yumbo',0),(2026,'Zambrano',0),(2027,'Zapatoca',0),(2028,'Zapayán',0),(2029,'Zaragoza',0),(2030,'Zarzal',0),(2031,'Zetaquirá',0),(2032,'Zipacón',0),(2033,'Zipaquirá',0),(2034,'Zona Bananera',0),(2035,'Ábrego',0),(2036,'Íquira',0),(2037,'Úmbita',0),(2038,'Útica',0);
/*!40000 ALTER TABLE `ciudades` ENABLE KEYS */;
UNLOCK TABLES;

--
-- Table structure for table `contactos`
--

DROP TABLE IF EXISTS `contactos`;
/*!40101 SET @saved_cs_client     = @@character_set_client */;
/*!50503 SET character_set_client = utf8mb4 */;
CREATE TABLE `contactos` (
  `id` int NOT NULL AUTO_INCREMENT,
  `nombres` varchar(65) COLLATE utf8mb4_general_ci NOT NULL,
  `apellidos` varchar(65) COLLATE utf8mb4_general_ci NOT NULL,
  `ciudad` varchar(50) COLLATE utf8mb4_general_ci NOT NULL,
  `correo` varchar(50) COLLATE utf8mb4_general_ci NOT NULL,
  `celular` varchar(10) COLLATE utf8mb4_general_ci NOT NULL,
  `mensaje` varchar(350) COLLATE utf8mb4_general_ci NOT NULL,
  `estado` int NOT NULL,
  `fecha` datetime NOT NULL,
  PRIMARY KEY (`id`)
) ENGINE=InnoDB AUTO_INCREMENT=42 DEFAULT CHARSET=utf8mb4 COLLATE=utf8mb4_general_ci;
/*!40101 SET character_set_client = @saved_cs_client */;

--
-- Dumping data for table `contactos`
--

LOCK TABLES `contactos` WRITE;
/*!40000 ALTER TABLE `contactos` DISABLE KEYS */;
INSERT INTO `contactos` VALUES (3,'Juanjo','Riaño','Barcelona','jj@jj.com','456789','Hola hola hola',1,'2022-02-05 00:00:00'),(5,'Pere','Koch','Bogotá','pere@gatos.com','456123','Meowww',0,'2022-02-05 00:00:00'),(18,'Pluto','Camacho Gómez','Medellín','pluto@gatos.com','5461121','miauuu miauuu',0,'2022-03-05 00:00:00'),(21,'Sandra','Camacho','Medellín','sandra@familia.com','511321321','Hola',1,'2022-05-05 00:00:00'),(39,' Lía','Koch','Barcelona','lia@gatos.com','132456789','Miauuuuuuuu',0,'2022-11-09 22:24:17'),(40,' Andy','Koch','Barcelona','andy@correo.com','aaaaaa','a',0,'2022-11-09 22:26:02'),(41,' Lupita','Camacho Gómez','Medellín','lupita@gatos.com','123456789','Miau, miau, miau',0,'2022-11-09 22:28:29');
/*!40000 ALTER TABLE `contactos` ENABLE KEYS */;
UNLOCK TABLES;

--
-- Table structure for table `oferta_ciudad`
--

DROP TABLE IF EXISTS `oferta_ciudad`;
/*!40101 SET @saved_cs_client     = @@character_set_client */;
/*!50503 SET character_set_client = utf8mb4 */;
CREATE TABLE `oferta_ciudad` (
  `id` int NOT NULL AUTO_INCREMENT,
  `id_oferta` int DEFAULT NULL,
  `id_ciudad` int DEFAULT NULL,
  PRIMARY KEY (`id`),
  KEY `id_oferta` (`id_oferta`),
  KEY `id_ciudad` (`id_ciudad`),
  CONSTRAINT `oferta_ciudad_ibfk_1` FOREIGN KEY (`id_oferta`) REFERENCES `ofertas` (`id`),
  CONSTRAINT `oferta_ciudad_ibfk_3` FOREIGN KEY (`id_ciudad`) REFERENCES `ofertas` (`idCiudad`)
) ENGINE=InnoDB DEFAULT CHARSET=utf8mb4 COLLATE=utf8mb4_general_ci;
/*!40101 SET character_set_client = @saved_cs_client */;

--
-- Dumping data for table `oferta_ciudad`
--

LOCK TABLES `oferta_ciudad` WRITE;
/*!40000 ALTER TABLE `oferta_ciudad` DISABLE KEYS */;
/*!40000 ALTER TABLE `oferta_ciudad` ENABLE KEYS */;
UNLOCK TABLES;

--
-- Table structure for table `ofertas`
--

DROP TABLE IF EXISTS `ofertas`;
/*!40101 SET @saved_cs_client     = @@character_set_client */;
/*!50503 SET character_set_client = utf8mb4 */;
CREATE TABLE `ofertas` (
  `id` int NOT NULL AUTO_INCREMENT,
  `cargo` varchar(60) COLLATE utf8mb4_general_ci NOT NULL,
  `salario` varchar(10) COLLATE utf8mb4_general_ci NOT NULL,
  `horario` varchar(150) COLLATE utf8mb4_general_ci NOT NULL,
  `descripcion` varchar(350) COLLATE utf8mb4_general_ci NOT NULL,
  `correo` varchar(50) COLLATE utf8mb4_general_ci NOT NULL,
  `idCiudad` int NOT NULL,
  `imagen` varchar(60) COLLATE utf8mb4_general_ci NOT NULL,
  `vencimiento` date NOT NULL,
  `whatsapp` varchar(10) COLLATE utf8mb4_general_ci NOT NULL,
  PRIMARY KEY (`id`),
  KEY `idCiudad_idx` (`idCiudad`)
) ENGINE=InnoDB AUTO_INCREMENT=25 DEFAULT CHARSET=utf8mb4 COLLATE=utf8mb4_general_ci;
/*!40101 SET character_set_client = @saved_cs_client */;

--
-- Dumping data for table `ofertas`
--

LOCK TABLES `ofertas` WRITE;
/*!40000 ALTER TABLE `ofertas` DISABLE KEYS */;
INSERT INTO `ofertas` VALUES (1,'Primera vacante de prueba','4444','De lunes a viernes de 5 a 7','Esta es una vacante de prueba para el admin de Asignar','ana@correo.com',6,'102ed32ea0f571492785c49d4782bfb8.jpg','2022-04-27','3012960674'),(3,'Desarrollador web','150000','Lunes a jueves de 9am a 5pm','Una oferta única y por tiempo limitado. Estamos buscando desarrolladores con experiencia en PHP, Html, CSS, Javascript, preprocesadores como Gulp o Webpack, Test con Cypress, Git y agile con Jira','andy@correo.com',3,'91f6c24a084d21f56de49cdc97d703cf.jpg','2022-04-30','1111111'),(4,'Gatito Cazador','152000','flexible','Oferta maravillosaaaaaaaaaaaaaaaaaaaaaaaaaa','mail@correo.com',2,'06be4cdc4ab8a59ad1c8d84149bda9da.jpg','2022-04-29','3012960674'),(6,'Gatito guardián','5000000','gkhghkhkhk','kgkgkgkgkgkgkgk','a@a.com',2,'29bcd4f5bb7aec8cee849923b073f868.jpg','2022-10-10','0'),(9,'Ayudante','500000','no importa','hgkjbbgjbkjdbgdgdgdgdgdgggdgdsg','ana@familiakoch.com',2,'4926420e2cc4090278d36c31b7c57868.jpg','2002-02-22','615395981'),(10,'Gatito cuidador de cachorros','5200000','Todo el día','Ninguno','fake@faker.com',2,'802cb04e45feadab89608eaa869db7ef.jpg','2022-06-05','1234567'),(11,'Gatitos tomadores profesionales de sol','5800000','aaaa','Descripción cualquiera para la oferta laboral, con tal de llenar el campo.','lll@ooo.com',2,'2d27a941f131b0314aea99c16ec00a80.jpg','2026-02-15','1234567'),(12,'Gatito buscador de tesoros y recompenzas al aire libre','841121313','fdhfdhfdhfh','Descripción cualquiera para la oferta laboral, con tal de llenar el campo.','aaa@ddd.com',2,'ea19d33c70c9340d631a5b3e778e4cb5.jpg','2021-12-05','12345678'),(13,'Gatito delivery','100000000','Cuando no esté durmiendo','Gatitos juiciosos que tengan bici para hacer deliveries','gatito@gatos.com',2,'4157d362348a17f6fac69fac027461fc.jpg','2022-02-02','83838383'),(14,'Gatito Pianista','1500000','En las noches','Lo importante es que no se duerma en el piano','pianista@gatitos.com',2,'831fcd9ec67b90b5f74ceac272eff6ca.jpg','2022-05-15','1234521'),(15,'Gatito Modelo','2222222','ggggggggggggggggggggggggggggggggggggg','Importante que no rasguñe la seda del set fotográfico','gggggggggg@dd.com',2,'bf402508a999fe267226a08b301c8f91.jpg','2025-02-02','44444444'),(16,'Gatitos viajeros','500000','Una vez al mes','Saber viajar en canasta sin marearse','ana@gatitos.com',2,'76caf518189ed061580fc48fb94b092b.jpg','2022-06-01','12345'),(21,'Camarero bar de tapas y cañas','2500000','Lunes a Sábado, de 9am a 2pm y de 6pm a 10pm. Domingos rotativos de 12pm a 5pm cada dos semanas','Estes es un ejemplo más largo y más concreto','ana@correo.com',9,'29fda287d4a36d27356a536db79ffeae.jpg','2022-11-23','6545131321'),(22,'Mesero','1520000','Lunes a viernes 8am a 6pm','Se requiere personal urgente para trabajar en reconocido hotel a las afueras de Villavicencio, se necesita que tenga experuiencia de un año etc','seleccion1@asignar.com.co',1013,'fdf0edf3c3e597fd7c4dd41ed21d8176.jpg','2022-11-23','3012960674'),(24,'Ejemplo','1200000','Luneas a viernes 9am a 4pm','Cualquier cosa','ana@ana.com',1,'d2a30adf93d1c060e83e02fda3bd8bdb.jpg','2022-12-13','3012960674');
/*!40000 ALTER TABLE `ofertas` ENABLE KEYS */;
UNLOCK TABLES;

--
-- Table structure for table `pqrs`
--

DROP TABLE IF EXISTS `pqrs`;
/*!40101 SET @saved_cs_client     = @@character_set_client */;
/*!50503 SET character_set_client = utf8mb4 */;
CREATE TABLE `pqrs` (
  `id` int NOT NULL AUTO_INCREMENT,
  `fecha_rep` date NOT NULL,
  `tipo` varchar(14) COLLATE utf8mb4_general_ci NOT NULL,
  `nombre` varchar(60) COLLATE utf8mb4_general_ci NOT NULL,
  `apellido` varchar(60) COLLATE utf8mb4_general_ci NOT NULL,
  `doc_tipo` varchar(60) COLLATE utf8mb4_general_ci NOT NULL,
  `doc_otro` varchar(30) COLLATE utf8mb4_general_ci DEFAULT NULL,
  `doc_id` varchar(17) CHARACTER SET utf8mb4 COLLATE utf8mb4_general_ci NOT NULL,
  `email` varchar(60) COLLATE utf8mb4_general_ci NOT NULL,
  `tel` varchar(10) COLLATE utf8mb4_general_ci NOT NULL,
  `direccion` varchar(65) COLLATE utf8mb4_general_ci NOT NULL,
  `lugar_hechos` varchar(140) COLLATE utf8mb4_general_ci NOT NULL,
  `motivo` varchar(300) COLLATE utf8mb4_general_ci NOT NULL,
  `solicitud` varchar(300) COLLATE utf8mb4_general_ci NOT NULL,
  `tipo_usuario` varchar(8) COLLATE utf8mb4_general_ci DEFAULT NULL,
  PRIMARY KEY (`id`)
) ENGINE=InnoDB AUTO_INCREMENT=19 DEFAULT CHARSET=utf8mb4 COLLATE=utf8mb4_general_ci;
/*!40101 SET character_set_client = @saved_cs_client */;

--
-- Dumping data for table `pqrs`
--

LOCK TABLES `pqrs` WRITE;
/*!40000 ALTER TABLE `pqrs` DISABLE KEYS */;
INSERT INTO `pqrs` VALUES (1,'2022-12-07','reconocimiento','Ana','Aya','cedula','','123','ana@correo.com','123','av 123','Fue en Asignar Bog','Es una prueba','Que funcione','empresa'),(8,'2022-12-07','solicitud','Andy','Koch','otro','pasaporte','458','andy@correo.com','984','av 456','dsvvs','dfsar','fvav','empresa'),(9,'2022-12-07','reconocimiento','Juanjo','Riaño','cedula','','945','juanjo@correo.com','165','av 945','eatgeag','garsvv','gwegtbd','empresa'),(10,'2022-12-07','queja','Jorge','Camacho','cedula','','8989','jorge@correo.com','7987','av 89','pmimi','imimj','hnhsc','empresa'),(11,'2022-12-07','queja','Silvia','García','cedula','','648846','hola@correo.com','789','av 789','nojnok','hbij','jnnk','empresa'),(12,'2022-12-07','solicitud','Gilberto','Osorio','cedula','','45655646','gil@correo.com','456546','av 456','jbhkdjfjb','jsfnjkasnfkjas','uusufbasf','empresa'),(13,'2022-12-07','solicitud','Gilberto','Osorio','cedula','','45655646','gil@correo.com','456546','av 456','jbhkdjfjb','jsfnjkasnfkjas','uusufbasf','empresa'),(14,'2022-12-07','solicitud','Silvia','Gómez','otro','Pasaporte','456','a@a.com','465','av 456','safsaf','gdsdgs','sdgdsg','empresa'),(15,'2022-12-07','solicitud','Silvia','Gómez','otro','Pasaporte','456','a@a.com','465','av 456','safsaf','gdsdgs','sdgdsg','empresa'),(16,'2022-12-07','reconocimiento','Anita','Nash','otro','NIE','Y8717799P','anitanash@correo.com','78946','av 456','fabakhfa','hasbfhafb','dhbfhadfb','empresa'),(17,'2022-12-07','queja','Panda','Desk','cedula','','465464','a@a.com','546132','av 456','jjsaknfkjsafn','jadbfjhsdbfgh','nzbcmnbv','empresa'),(18,'2022-12-07','reconocimiento','Cliente','Importante','cedula','','546465','ana@correo.com','546645','av 456','fjnsajkfn','ñlzsccm',' vnsd b','empresa');
/*!40000 ALTER TABLE `pqrs` ENABLE KEYS */;
UNLOCK TABLES;

--
-- Table structure for table `usuarios`
--

DROP TABLE IF EXISTS `usuarios`;
/*!40101 SET @saved_cs_client     = @@character_set_client */;
/*!50503 SET character_set_client = utf8mb4 */;
CREATE TABLE `usuarios` (
  `id` int NOT NULL AUTO_INCREMENT,
  `nombre` varchar(45) COLLATE utf8mb4_general_ci NOT NULL,
  `apellido` varchar(45) COLLATE utf8mb4_general_ci NOT NULL,
  `email` varchar(50) CHARACTER SET utf8mb4 COLLATE utf8mb4_general_ci NOT NULL,
  `password` char(60) COLLATE utf8mb4_general_ci NOT NULL,
  `admin` int NOT NULL,
  `confirmado` tinyint(1) DEFAULT NULL,
  `token` varchar(13) CHARACTER SET utf8mb4 COLLATE utf8mb4_0900_ai_ci DEFAULT NULL,
  PRIMARY KEY (`id`)
) ENGINE=InnoDB AUTO_INCREMENT=13 DEFAULT CHARSET=utf8mb4 COLLATE=utf8mb4_general_ci;
/*!40101 SET character_set_client = @saved_cs_client */;

--
-- Dumping data for table `usuarios`
--

LOCK TABLES `usuarios` WRITE;
/*!40000 ALTER TABLE `usuarios` DISABLE KEYS */;
INSERT INTO `usuarios` VALUES (1,'Jorge','Camacho','gerenciaadmin@asignar.com.co','$2y$10$EDdJrzzmpuXYMKUK.5GvHuOzWG0YwthiQ/EbZT/TIW2He7kadwD8q',1,1,NULL),(2,'Silvia','Gómez','gerenciaop@asignar.com.co','$2y$10$uILK/NL3J/MlHjliH07I0.ZSYFjC5h0osAyF1lJ7fKJdt6/fZDOd6',2,1,NULL),(4,'Prueba','de usuario','prueba@correo.com','$2y$10$h1Ecdcmk.reNXVyB4I69WuIJQZMYT5JoZrmc2ZKlfZuFRAU7N1lAm',0,NULL,NULL),(6,'Ana María','Aya','ana@correo.com','$2y$10$bU4Vpx6nQZYFJfUIoZg04u2MnJI0VrJeZoWm1WkRquYYtmGjwNYYG',1,NULL,NULL),(9,'Brunononono','Disney','pruebausuario@correo.com','$2y$10$uILK/NL3J/MlHjliH07I0.ZSYFjC5h0osAyF1lJ7fKJdt6/fZDOd6',0,NULL,NULL),(10,'Andreas','Koch','cualquiera@correo.com','$2y$10$N70H1mzuB5uZGgTnDaOkB.BGbLL7W.kBD2m0HWRM9OoQGi88UVoPO',1,NULL,NULL),(11,'Juan José','Riaño','juanjo@gamers.com','$2y$10$82.H8wqLvFRW0plD8SEsp.mTYqVT6PcWL2IC9OSI/VxgHHVXnGg32',2,NULL,NULL),(12,'Otro usuario','De prueba','admin@correo.com','$2y$10$CS6X0FF3RgFIqo0lXBpfGOAIs3Tk2BEqg1sfY1V1TKo1ZaMX3db9K',1,NULL,NULL);
/*!40000 ALTER TABLE `usuarios` ENABLE KEYS */;
UNLOCK TABLES;

--
-- Dumping routines for database 'asignarsas'
--
/*!40103 SET TIME_ZONE=@OLD_TIME_ZONE */;

/*!40101 SET SQL_MODE=@OLD_SQL_MODE */;
/*!40014 SET FOREIGN_KEY_CHECKS=@OLD_FOREIGN_KEY_CHECKS */;
/*!40014 SET UNIQUE_CHECKS=@OLD_UNIQUE_CHECKS */;
/*!40101 SET CHARACTER_SET_CLIENT=@OLD_CHARACTER_SET_CLIENT */;
/*!40101 SET CHARACTER_SET_RESULTS=@OLD_CHARACTER_SET_RESULTS */;
/*!40101 SET COLLATION_CONNECTION=@OLD_COLLATION_CONNECTION */;
/*!40111 SET SQL_NOTES=@OLD_SQL_NOTES */;

-- Dump completed on 2022-12-13 14:03:37
